,RAJ2000,DEJ2000,P,F555W,e_F555W,F606W,e_F606W,F814W,e_F814W,WVI_555,e_WVI_555,Z,sig_clip
0,202.467814,47.178066,86.599370,23.231583,0.095228,22.765769,0.078577,21.676897,0.067236,19.716438,0.161645,9.303563, 
1,202.471873,47.189042,87.429828,22.811572,0.107040,22.520624,0.094830,21.760899,0.086759,20.435999,0.194204,9.346518,+
2,202.531670,47.202995,24.228597,22.872533,0.103547,22.601664,0.099604,21.882352,0.089288,20.633733,0.194161,9.120975, 
3,202.497901,47.203958,50.133911,23.488937,0.067679,23.020310,0.050276,21.923540,0.049785,19.949573,0.117061,9.253779, 
4,202.522823,47.207039,71.167885,22.926808,0.047289,22.651971,0.044341,21.926379,0.045043,20.664839,0.093866,9.153385,+
5,202.480773,47.187783,45.637638,23.445288,0.038549,23.114796,0.031763,22.275008,0.050859,20.799285,0.095199,9.318958,+
6,202.476990,47.212577,74.444702,23.603234,0.063826,23.235176,0.053186,22.324224,0.047744,20.711394,0.111274,9.297285,+
7,202.494371,47.205470,52.087444,23.184795,0.082035,22.972731,0.065820,22.385689,0.043199,21.378016,0.124638,9.265129,+
8,202.515544,47.201732,48.555492,23.334628,0.063735,23.090185,0.046276,22.426760,0.042753,21.281938,0.105800,9.186090,+
9,202.516680,47.171205,51.818207,23.350215,0.113376,23.087223,0.090106,22.384126,0.056717,21.165888,0.169622,9.160014,+
10,202.477701,47.208729,59.191887,23.429961,0.123172,23.180018,0.094522,22.510452,0.056891,21.350951,0.180299,9.309811,+
11,202.496972,47.177071,37.608019,23.420304,0.060905,23.179502,0.040704,22.525589,0.038929,21.397354,0.099114,9.240669,+
12,202.530399,47.194936,54.346443,23.527186,0.065296,23.259977,0.051560,22.547034,0.041879,21.311064,0.106406,9.128032,+
13,202.530235,47.184535,48.934669,23.380776,0.063133,23.143541,0.050701,22.495321,0.040684,21.378763,0.103078,9.124903,+
14,202.509404,47.160187,47.497247,23.414512,0.068035,23.174934,0.061143,22.525099,0.063784,21.403550,0.133783,9.159297,+
15,202.460605,47.184855,45.043060,23.623129,0.042026,23.325715,0.031320,22.551745,0.026112,21.200731,0.067635,9.317857,+
16,202.515598,47.171042,51.979917,23.654836,0.082369,23.353197,0.073322,22.564139,0.061021,21.188769,0.142945,9.163586,+
17,202.516443,47.171064,41.075064,23.445745,0.116934,23.212368,0.097229,22.573694,0.057084,21.474038,0.173731,9.160607,+
18,202.468810,47.165535,50.589199,23.589485,0.071590,23.331826,0.060664,22.642039,0.051954,21.447308,0.123049,9.253369,+
19,202.531357,47.180933,42.146157,23.866739,0.057944,23.521348,0.045547,22.649600,0.042083,21.114787,0.099629,9.117563,+
20,202.517716,47.165121,38.415460,23.668224,0.057023,23.403384,0.046469,22.700154,0.032627,21.479418,0.089037,9.144270,+
21,202.459868,47.187492,30.153393,23.427945,0.105722,23.225359,0.092926,22.664425,0.081475,21.701626,0.186993,9.323117,+
22,202.488888,47.176851,46.527412,23.734955,0.050436,23.443724,0.045983,22.681166,0.037054,21.352339,0.087185,9.265678,+
23,202.522182,47.199685,34.312670,23.869179,0.077100,23.538524,0.058586,22.695555,0.040718,21.215615,0.117246,9.160411,+
24,202.463699,47.190304,5.353072,24.137085,0.081119,23.730789,0.067246,22.752571,0.056393,21.006700,0.136750,9.342249, 
25,202.494697,47.168142,11.714555,23.745435,0.062877,23.480067,0.052119,22.771014,0.048946,21.542268,0.111767,9.224215, 
26,202.482450,47.211553,40.057547,23.845635,0.076332,23.557800,0.065116,22.801370,0.055467,21.484553,0.131278,9.289513,+
27,202.466373,47.205653,5.684763,23.444326,0.066564,23.273326,0.055796,22.779451,0.048120,21.941042,0.114206,9.329384, 
28,202.529745,47.187736,62.552898,23.950650,0.044803,23.634822,0.032132,22.823768,0.029272,21.402771,0.073562,9.128783,+
29,202.497330,47.182969,36.052612,23.915161,0.097225,23.611056,0.080766,22.818609,0.047275,21.435857,0.144290,9.250867,+
30,202.528230,47.179286,55.459278,23.861000,0.042703,23.566585,0.029893,22.794118,0.043011,21.448779,0.087700,9.128169,+
31,202.512520,47.190589,46.985204,23.966336,0.062865,23.648350,0.048036,22.832881,0.044876,21.403595,0.107240,9.199089,+
32,202.531039,47.198287,35.266327,23.753632,0.071817,23.503475,0.060027,22.826180,0.040199,21.656664,0.111296,9.125153,+
33,202.524829,47.194265,46.505758,23.775981,0.070053,23.516230,0.058742,22.822612,0.046052,21.620414,0.115310,9.150454,+
34,202.492977,47.175623,32.926479,24.072418,0.072517,23.740920,0.055563,22.895456,0.037864,21.411306,0.109888,9.250083,+
35,202.536315,47.182159,37.749637,23.750865,0.077601,23.511360,0.061723,22.860540,0.046611,21.737841,0.123300,9.099052,+
36,202.505032,47.190402,42.145708,24.108057,0.042268,23.768574,0.035462,22.908125,0.034293,21.395011,0.076726,9.228963,+
37,202.523992,47.210884,30.207954,23.862429,0.044743,23.608538,0.043139,22.929288,0.047443,21.752597,0.094937,9.144997,+
38,202.511760,47.163161,40.137693,24.159400,0.057852,23.810873,0.044501,22.934833,0.040128,21.390655,0.097430,9.159545,+
39,202.474335,47.203561,37.721228,24.343301,0.081240,23.926846,0.063037,22.925378,0.038976,21.137377,0.120123,9.334652,+
40,202.522977,47.207744,31.117468,23.695304,0.107944,23.482906,0.096114,22.894841,0.070321,21.885458,0.177020,9.152149,+
41,202.524493,47.178753,59.508095,24.540877,0.069471,24.067882,0.053718,22.966230,0.048105,20.980601,0.116911,9.142061,+
42,202.461546,47.198478,33.465082,23.977141,0.079666,23.708023,0.058892,22.994216,0.033748,21.754748,0.114202,9.338360,+
43,202.505667,47.156524,38.418093,23.800048,0.086932,23.703181,0.077413,22.937385,0.066027,21.849566,0.152672,9.159804,+
44,202.488331,47.189510,27.393414,23.942062,0.095931,23.665003,0.082343,22.945126,0.089400,21.687990,0.187974,9.294153,+
45,202.523005,47.169617,33.521013,23.707108,0.046925,23.509874,0.039033,22.957605,0.042002,22.012483,0.089838,9.134321,+
46,202.497234,47.212606,39.818838,24.264299,0.084189,23.908575,0.066650,23.017662,0.045636,21.445652,0.129093,9.241615,+
47,202.483223,47.165055,45.472069,24.111926,0.069712,23.806444,0.049397,23.018929,0.045693,21.640659,0.114610,9.239621,+
48,202.488203,47.183810,41.041652,24.221985,0.061963,23.888045,0.055572,23.040454,0.061775,21.550543,0.126450,9.285090,+
49,202.533187,47.178693,29.662679,23.944975,0.077303,23.700196,0.067120,23.034160,0.065872,21.885621,0.144018,9.108242,+
50,202.482385,47.171581,32.062933,23.894800,0.163048,23.664010,0.146091,23.037206,0.086532,21.955781,0.248329,9.264708,+
51,202.485868,47.182129,5.712947,24.042141,0.059322,23.775881,0.043099,23.065163,0.042744,21.833195,0.101627,9.288879, 
52,202.496499,47.175846,37.230862,24.193778,0.096868,23.880772,0.083814,23.073140,0.082440,21.660016,0.180345,9.239424,+
53,202.516092,47.191916,31.175531,24.165476,0.136666,23.861486,0.112477,23.074779,0.062440,21.699409,0.199494,9.185225,+
54,202.497178,47.176749,37.439434,24.243580,0.059179,23.912063,0.049014,23.065544,0.046240,21.580041,0.105389,9.239256,+
55,202.513760,47.214238,13.105108,24.063663,0.089629,23.809096,0.076343,23.129366,0.072962,21.951218,0.162980,9.179373, 
56,202.497817,47.177014,28.777130,24.280532,0.053774,23.951700,0.035727,23.107925,0.049581,21.629268,0.104716,9.237690,+
57,202.530548,47.190470,37.244740,24.028844,0.069081,23.764428,0.047263,23.065167,0.049975,21.849970,0.118564,9.126678,+
58,202.464415,47.182094,39.536169,24.209965,0.142362,23.897209,0.114045,23.096693,0.068251,21.692856,0.210457,9.316231,+
59,202.512989,47.197717,25.368998,23.872942,0.044529,23.663982,0.033664,23.082215,0.032348,22.085108,0.076572,9.197937,+
60,202.506720,47.215675,34.395219,24.131274,0.138426,23.884389,0.090351,23.183226,0.103210,21.987738,0.240956,9.202363,+
61,202.467949,47.167296,36.997282,24.038016,0.071917,23.786452,0.059542,23.108805,0.048166,21.937069,0.119303,9.260317,+
62,202.481993,47.199435,34.680912,24.626568,0.070159,24.182815,0.047184,23.132141,0.032948,21.247669,0.103145,9.320419,+
63,202.502264,47.215328,25.641799,24.004763,0.047784,23.780476,0.045991,23.161641,0.053697,22.098465,0.105352,9.218601,+
64,202.531763,47.180791,29.375839,24.039087,0.064641,23.773043,0.056904,23.065969,0.063729,21.838868,0.131010,9.115841,+
65,202.514661,47.169720,31.253260,24.164653,0.079943,23.882681,0.063951,23.139660,0.051136,21.847144,0.130135,9.164345,+
66,202.515312,47.206389,19.688944,24.355209,0.094335,24.026687,0.076342,23.191326,0.055888,21.723668,0.149134,9.183474, 
67,202.504528,47.209941,40.153738,24.371972,0.045104,24.025050,0.036788,23.151183,0.044266,21.611767,0.091160,9.220399,+
68,202.498799,47.201773,33.243107,24.428584,0.055864,24.086491,0.042366,23.222542,0.056923,21.701724,0.115565,9.252530,+
69,202.520971,47.208828,39.288255,24.280703,0.065157,23.970682,0.051460,23.170121,0.054918,21.769678,0.120676,9.158940,+
70,202.472091,47.171090,32.732944,24.059438,0.053139,23.834525,0.037466,23.192466,0.054075,22.099215,0.109836,9.275278,+
71,202.523909,47.180087,28.843387,24.209795,0.053207,23.938174,0.041242,23.217780,0.033051,21.966850,0.085621,9.145819,+
72,202.474997,47.173285,36.983649,24.292149,0.068151,24.001191,0.055542,23.238482,0.045266,21.909809,0.112661,9.281994,+
73,202.488018,47.183797,45.063225,24.608025,0.083616,24.206776,0.057585,23.227280,0.051968,21.486159,0.134583,9.285697,+
74,202.521590,47.199254,25.298561,24.125527,0.132230,23.893001,0.118236,23.252077,0.089059,22.150656,0.219878,9.162928,+
75,202.496706,47.214033,29.919411,24.370153,0.043093,24.058522,0.033827,23.253189,0.035373,21.844699,0.078701,9.240226,+
76,202.518984,47.166428,31.341208,24.229517,0.096945,23.958956,0.085731,23.241980,0.063705,21.996695,0.159550,9.142621,+
77,202.497810,47.162992,59.614784,24.431670,0.058831,24.103817,0.045052,23.268815,0.047440,21.802455,0.106455,9.200390, 
78,202.505648,47.188467,33.199072,24.318172,0.078416,24.024894,0.065559,23.259396,0.046914,21.924279,0.124412,9.225259,+
79,202.525613,47.186434,13.031797,24.270095,0.059470,23.997694,0.042285,23.279216,0.035110,22.029718,0.093897,9.144542, 
80,202.486836,47.162128,39.993523,24.545036,0.058594,24.185993,0.043289,23.282127,0.062694,21.689598,0.125060,9.222635,+
81,202.511977,47.164879,45.575479,24.672434,0.074981,24.255833,0.045513,23.253894,0.048011,21.465116,0.122109,9.162954,+
82,202.463808,47.166953,27.325997,24.595954,0.074493,24.242592,0.064924,23.360605,0.054151,21.802829,0.128137,9.256780,+
83,202.481839,47.175751,23.267002,24.188844,0.063211,23.947162,0.053164,23.289435,0.054236,22.155280,0.118206,9.280342,+
84,202.476712,47.172895,23.213112,23.954062,0.090313,23.775853,0.078221,23.265287,0.052081,22.396742,0.141404,9.278599,+
85,202.505253,47.165745,37.038284,24.468811,0.062601,24.130459,0.049788,23.272891,0.049150,21.764835,0.111752,9.186572,+
86,202.476110,47.163140,31.233786,24.138401,0.090896,23.903268,0.079972,23.257954,0.069935,22.147712,0.160642,9.241100,+
87,202.504108,47.179079,32.605246,24.293867,0.090822,24.026001,0.081024,23.318183,0.070265,22.087845,0.160948,9.219500,+
88,202.484350,47.206993,18.891235,24.057814,0.052065,23.853264,0.036831,23.288168,0.027841,22.317644,0.079486,9.297172,+
89,202.506232,47.202482,21.583844,24.495652,0.067595,24.178484,0.081688,23.353706,0.142857,21.913712,0.245203,9.222617,+
90,202.505584,47.189020,21.213849,24.199032,0.059754,23.968560,0.053402,23.329791,0.060319,22.233679,0.122888,9.225906,+
91,202.524834,47.178011,24.609250,24.653352,0.062626,24.256524,0.053953,23.278521,0.075018,21.544860,0.144266,9.139871, 
92,202.522915,47.206427,33.298329,24.194678,0.048689,23.958093,0.043696,23.312643,0.037335,22.200396,0.085907,9.153540,+
93,202.474822,47.189240,19.280430,23.954377,0.096580,23.795603,0.074315,23.340228,0.051148,22.565786,0.146997,9.341047,+
94,202.529125,47.174263,44.503406,24.520453,0.063829,24.180138,0.045670,23.321513,0.031380,21.809650,0.095021,9.118686,+
95,202.500024,47.177841,30.651257,24.302481,0.077559,24.050978,0.062131,23.374512,0.053371,22.204342,0.130165,9.231823,+
96,202.511089,47.198215,19.254067,24.404239,0.111696,24.120131,0.097845,23.378699,0.067406,22.085493,0.177783,9.205454,+
97,202.522058,47.176964,27.296202,24.196149,0.089787,23.955622,0.086183,23.310558,0.085962,22.193829,0.178770,9.149174,+
98,202.515048,47.191256,19.868439,24.187168,0.043823,23.956191,0.037032,23.322901,0.051159,22.233060,0.099161,9.189211,+
99,202.517419,47.205544,33.232216,24.387074,0.037719,24.100753,0.037627,23.351780,0.047686,22.046274,0.090290,9.175955,+
100,202.522310,47.175322,50.209175,24.653788,0.068197,24.287450,0.046264,23.376797,0.041898,21.766511,0.109281,9.145961,+
101,202.473168,47.197664,7.358581,24.108904,0.054064,23.914612,0.034153,23.368333,0.042978,22.434472,0.097118,9.355803, 
102,202.497574,47.179582,32.321388,24.581163,0.068363,24.238421,0.046538,23.347665,0.047399,21.792223,0.115112,9.243874,+
103,202.497613,47.183146,24.013828,24.317531,0.108156,24.059982,0.083809,23.353475,0.062350,22.137800,0.169322,9.250108,+
104,202.531057,47.181273,33.177128,24.370877,0.062018,24.091545,0.051232,23.351897,0.051174,22.066963,0.113573,9.119052,+
105,202.501236,47.170363,21.209364,24.634139,0.067574,24.263439,0.046117,23.360622,0.042641,21.754716,0.109410,9.210869, 
106,202.484724,47.174024,18.188638,24.007579,0.057466,23.846869,0.048072,23.382810,0.039169,22.594975,0.096046,9.268079,+
107,202.486324,47.161998,22.718609,24.475112,0.052267,24.171106,0.036785,23.382913,0.035782,22.005651,0.087522,9.223111,+
108,202.498640,47.185173,37.935291,24.349228,0.073896,24.088244,0.065619,23.385028,0.059988,22.169173,0.134179,9.249211,+
109,202.511875,47.199775,24.187648,24.638525,0.068086,24.280317,0.039936,23.383560,0.042479,21.801050,0.109750,9.201741,+
110,202.486495,47.205094,29.187686,24.534818,0.054988,24.207856,0.037244,23.370746,0.040070,21.902851,0.094692,9.294339,+
111,202.507478,47.214308,62.907380,24.837879,0.057603,24.427591,0.038842,23.433694,0.053406,21.663018,0.112534,9.202223, 
112,202.524952,47.180006,16.829781,24.667508,0.070974,24.311299,0.052522,23.420269,0.037490,21.847501,0.107937,9.141679, 
113,202.507838,47.202415,23.186263,24.519820,0.088672,24.209116,0.071514,23.404266,0.055521,21.997552,0.143133,9.216310,+
114,202.509710,47.189558,22.631430,24.173706,0.063815,23.967007,0.051140,23.388860,0.040800,22.399171,0.103861,9.209812,+
115,202.507771,47.204014,29.264362,24.184509,0.063913,23.981968,0.048846,23.417819,0.037783,22.451022,0.100960,9.215259,+
116,202.515734,47.191467,18.545254,24.322360,0.053336,24.080405,0.040556,23.422539,0.037231,22.287865,0.090076,9.186526,+
117,202.534708,47.193556,8.888376,24.947321,0.062821,24.506292,0.050244,23.457533,0.055726,21.578910,0.119660,9.110575, 
118,202.470814,47.160977,32.001562,25.086863,0.049948,24.612529,0.032050,23.521240,0.022435,21.546988,0.072599,9.234946,+
119,202.507277,47.214879,24.042687,24.420174,0.119260,24.150732,0.103341,23.436725,0.085689,22.196597,0.204045,9.201894,+
120,202.525234,47.210805,19.107271,24.290195,0.131449,24.091817,0.111749,23.531983,0.093055,22.575878,0.223392,9.140266,+
121,202.500836,47.168708,27.445671,24.501137,0.079171,24.220778,0.059177,23.477206,0.051434,22.186030,0.129688,9.207894,+
122,202.522946,47.210563,24.216870,24.338633,0.074424,24.095955,0.086080,23.425616,0.112017,22.274302,0.203244,9.149409,+
123,202.516026,47.193172,34.395073,24.694512,0.048888,24.342739,0.036057,23.456855,0.035579,21.896169,0.084138,9.185787,+
124,202.524596,47.188127,23.342835,24.484004,0.096244,24.209987,0.082020,23.477394,0.074176,22.208058,0.170236,9.149572,+
125,202.512193,47.172859,20.352483,24.324654,0.101817,24.100361,0.088851,23.482959,0.059395,22.421581,0.160067,9.179144,+
126,202.484575,47.173992,12.511340,24.546481,0.071230,24.240679,0.052127,23.464913,0.055955,22.101055,0.127190,9.268325, 
127,202.496316,47.187865,23.100786,24.471203,0.089143,24.216780,0.083330,23.527888,0.083497,22.338367,0.175196,9.261388,+
128,202.483033,47.193419,19.723830,24.570668,0.097828,24.276729,0.068155,23.502712,0.055785,22.156020,0.152573,9.318476,+
129,202.521238,47.166374,31.869260,24.635410,0.045849,24.318822,0.032088,23.504162,0.031096,22.077658,0.076467,9.134625,+
130,202.505316,47.158989,32.207134,24.593410,0.075190,24.295417,0.069034,23.520317,0.069990,22.167146,0.147234,9.167958,+
131,202.528182,47.201364,25.033239,24.552610,0.045733,24.265761,0.031307,23.506005,0.045942,22.186237,0.093769,9.135693,+
132,202.482161,47.165797,20.406340,24.586383,0.066886,24.293266,0.051543,23.524829,0.051538,22.186208,0.118294,9.244082,+
133,202.507354,47.161010,10.225672,24.551071,0.074468,24.265337,0.057289,23.518470,0.048902,22.216361,0.122523,9.167670, 
134,202.497336,47.166757,11.211459,24.577158,0.068785,24.289174,0.047449,23.531388,0.042155,22.212673,0.110119,9.212839, 
135,202.472014,47.179282,22.166060,24.702310,0.143984,24.372777,0.115530,23.537254,0.063064,22.068117,0.208006,9.308084,+
136,202.494881,47.209121,17.622664,24.271858,0.062965,24.065979,0.047486,23.491555,0.035438,22.507592,0.097760,9.256911,+
137,202.524819,47.174262,22.863689,24.546496,0.125142,24.266276,0.100130,23.528536,0.059513,22.244889,0.184596,9.134985,+
138,202.515353,47.190168,27.229573,24.589197,0.071943,24.296433,0.058151,23.529106,0.055234,22.192331,0.127012,9.187550,+
139,202.505702,47.160721,27.757286,24.507651,0.063016,24.229980,0.057228,23.495537,0.062172,22.219261,0.127774,9.171748,+
140,202.464430,47.179961,44.523075,25.132755,0.057252,24.652171,0.037865,23.538231,0.037049,21.527536,0.093635,9.308170,+
141,202.470246,47.202710,23.579020,24.873315,0.093210,24.490118,0.074562,23.545542,0.055172,21.871219,0.147307,9.343069,+
142,202.484241,47.165476,21.813942,24.199826,0.079557,24.018260,0.071107,23.499640,0.063886,22.616705,0.143652,9.239403,+
143,202.517820,47.192561,27.170453,24.668829,0.088126,24.359277,0.071403,23.558303,0.058968,22.157931,0.146135,9.178442,+
144,202.526859,47.209803,27.562511,24.502490,0.081971,24.240357,0.071958,23.544256,0.068635,22.335922,0.151281,9.134978,+
145,202.517109,47.192954,25.241311,24.716424,0.068131,24.391830,0.044031,23.566941,0.043159,22.117444,0.110480,9.181385,+
146,202.491379,47.176882,28.115331,24.678956,0.090379,24.334163,0.070306,23.467625,0.054649,21.940137,0.143958,9.258281,+
147,202.499024,47.190149,25.524004,24.623770,0.097367,24.329766,0.078071,23.560042,0.060656,22.218680,0.156858,9.252741,+
148,202.514754,47.203307,21.813951,24.374320,0.147417,24.164221,0.133191,23.580550,0.082858,22.579605,0.228776,9.188237,+
149,202.530465,47.188986,18.930491,24.327715,0.049882,24.129699,0.037695,23.572056,0.038440,22.619171,0.088226,9.126467,+
150,202.493399,47.178496,23.170185,24.632022,0.087495,24.348551,0.075408,23.604414,0.065064,22.308600,0.152111,9.255800,+
151,202.513156,47.202788,15.699120,24.542798,0.046920,24.281698,0.036048,23.588923,0.047107,22.386087,0.096168,9.194944,+
152,202.466554,47.168472,19.856632,24.551340,0.080534,24.289984,0.066535,23.587715,0.065975,22.372583,0.146926,9.264566,+
153,202.524119,47.208031,16.513777,24.717044,0.064306,24.407751,0.048713,23.607787,0.039520,22.209013,0.103058,9.147403,+
154,202.492483,47.179929,23.950726,24.652610,0.085555,24.354269,0.068489,23.578789,0.066415,22.224701,0.151869,9.262115,+
155,202.518256,47.167117,31.282527,24.729936,0.058454,24.422256,0.043371,23.623602,0.052163,22.228515,0.111717,9.146555,+
156,202.484017,47.201642,19.482322,24.338333,0.063043,24.155930,0.042355,23.640957,0.056841,22.761565,0.121195,9.309581,+
157,202.526584,47.181834,17.146421,24.950303,0.108885,24.560819,0.102351,23.590379,0.141288,21.875514,0.265626,9.137127, 
158,202.530724,47.186683,28.777130,24.523012,0.121861,24.268308,0.107781,23.583619,0.086336,22.399045,0.207171,9.124312,+
159,202.477004,47.164827,5.707102,24.357256,0.058269,24.165181,0.046458,23.626794,0.045577,22.705682,0.103823,9.246953, 
160,202.497898,47.160549,24.865597,24.689327,0.118062,24.378518,0.100225,23.575774,0.071781,22.171582,0.188440,9.192636,+
161,202.529008,47.197221,47.362734,25.136984,0.083205,24.689508,0.053941,23.630925,0.040537,21.731785,0.123551,9.133513,+
162,202.504265,47.157614,17.456946,24.594736,0.085215,24.339487,0.071695,23.651892,0.064857,22.462965,0.149807,9.166869,+
163,202.490724,47.163060,10.311923,24.336024,0.053581,24.159832,0.041338,23.655616,0.043055,22.797621,0.096781,9.217936, 
164,202.530230,47.195005,21.009341,24.446790,0.059189,24.229068,0.046908,23.640103,0.048188,22.622871,0.107635,9.128712,+
165,202.505283,47.177768,26.579761,24.731643,0.082936,24.428878,0.067820,23.642493,0.072224,22.269076,0.156359,9.212943,+
166,202.508432,47.211980,14.546449,24.631688,0.075692,24.370068,0.059925,23.667691,0.039038,22.452090,0.114270,9.202702,+
167,202.460138,47.180345,26.356405,24.908563,0.078579,24.530007,0.053543,23.615604,0.065555,21.985181,0.144739,9.302089,+
168,202.507968,47.205109,18.162228,24.460538,0.074321,24.253465,0.052618,23.671184,0.045658,22.675810,0.119091,9.213446,+
169,202.494691,47.159243,20.956645,24.590552,0.095469,24.333254,0.069224,23.617840,0.051101,22.391249,0.145796,9.196229,+
170,202.508751,47.210908,18.593409,24.544836,0.098879,24.297479,0.081295,23.627204,0.050022,22.470070,0.148417,9.203169,+
171,202.476614,47.172586,17.079232,24.317556,0.073454,24.142725,0.054754,23.651674,0.041703,22.811997,0.114385,9.277529,+
172,202.511757,47.197744,19.231904,24.494283,0.078330,24.280087,0.058055,23.680747,0.043323,22.654877,0.120904,9.202890,+
173,202.511346,47.201792,22.739226,25.027967,0.075746,24.623144,0.053893,23.642303,0.039292,21.894982,0.114551,9.202796,+
174,202.486095,47.165781,24.453142,24.746819,0.055502,24.444317,0.048177,23.659304,0.051967,22.287948,0.109056,9.237013,+
175,202.500727,47.177733,21.182506,24.529052,0.148454,24.280143,0.133419,23.610131,0.130729,22.451372,0.281620,9.229144,+
176,202.483375,47.181384,30.428243,25.141877,0.094257,24.697131,0.062401,23.641277,0.043093,21.749020,0.137612,9.294346,+
177,202.463622,47.168593,18.916186,24.531779,0.094946,24.304984,0.080436,23.681593,0.075621,22.609508,0.170723,9.263089,+
178,202.464654,47.169167,16.341453,24.417228,0.061968,24.228288,0.042898,23.692697,0.055654,22.779063,0.118864,9.266198,+
179,202.536851,47.193442,26.204533,24.661762,0.122315,24.383883,0.104047,23.649988,0.076090,22.374140,0.196941,9.101924,+
180,202.476960,47.212537,19.486105,24.938378,0.095947,24.601956,0.081696,23.749578,0.075717,22.250501,0.171719,9.297482,+
181,202.483071,47.159297,18.528138,24.668688,0.073409,24.406647,0.059611,23.694767,0.048262,22.466653,0.120839,9.218390,+
182,202.521311,47.171477,23.973625,24.602671,0.061555,24.346478,0.048740,23.656682,0.057336,22.463789,0.120581,9.143690,+
183,202.507017,47.206830,17.976589,24.303476,0.085413,24.131520,0.067408,23.638897,0.050996,22.800862,0.135411,9.215250,+
184,202.525771,47.180397,29.741891,24.983620,0.086700,24.601188,0.062770,23.661655,0.047102,21.994657,0.133038,9.138904,+
185,202.472332,47.171268,7.373054,24.577058,0.049145,24.343562,0.035391,23.706558,0.039390,22.608857,0.088652,9.275886, 
186,202.497270,47.195535,20.414650,24.933022,0.070952,24.578617,0.053564,23.686858,0.039951,22.115446,0.110177,9.261581,+
187,202.486835,47.175979,17.864471,24.503439,0.091325,24.278834,0.062192,23.679488,0.053741,22.640485,0.144023,9.268917,+
188,202.517058,47.213117,29.264362,24.991401,0.068179,24.619128,0.042069,23.716608,0.028775,22.109095,0.097653,9.168724,+
189,202.521778,47.203617,15.748445,24.900432,0.109767,24.563772,0.068851,23.702398,0.056860,22.191676,0.165931,9.160105, 
190,202.516864,47.202763,14.700029,24.547850,0.065488,24.329934,0.046995,23.729906,0.026280,22.698479,0.092781,9.180212,+
191,202.523501,47.188059,28.572090,24.956942,0.045502,24.584431,0.036678,23.659962,0.055885,22.024470,0.106684,9.153911,+
192,202.510542,47.205091,31.311978,25.045133,0.107828,24.648918,0.077670,23.684713,0.050133,21.969224,0.158107,9.203392,+
193,202.500096,47.213147,19.646521,24.717697,0.099151,24.440121,0.087028,23.706614,0.057043,22.431637,0.155114,9.230617,+
194,202.511136,47.214116,20.603479,24.764932,0.101933,24.498597,0.087496,23.781575,0.082521,22.541561,0.184825,9.189250,+
195,202.497940,47.184727,22.239805,24.664349,0.078770,24.406046,0.051139,23.708603,0.043428,22.503407,0.121454,9.251259,+
196,202.477038,47.164339,22.200457,24.738030,0.077468,24.451152,0.054546,23.691701,0.061093,22.372281,0.138600,9.245008,+
197,202.530409,47.199810,21.621065,24.527519,0.067506,24.301339,0.053685,23.674727,0.051811,22.599357,0.119160,9.127308,+
198,202.472328,47.163986,17.772639,24.594242,0.104764,24.356439,0.079769,23.713288,0.060894,22.602406,0.164490,9.246677,+
199,202.491473,47.179967,21.335891,24.490879,0.060206,24.287791,0.049041,23.725806,0.059547,22.761048,0.122262,9.265564,+
200,202.512360,47.159484,24.884100,24.902266,0.092678,24.572862,0.107702,23.719627,0.147679,22.228318,0.264850,9.148406,+
201,202.488133,47.174174,22.662117,24.874551,0.076429,24.543901,0.057281,23.704588,0.039533,22.229264,0.115484,9.260000,+
202,202.532633,47.185006,24.736740,24.847940,0.086126,24.518528,0.070489,23.686670,0.068977,22.222310,0.155300,9.115692,+
203,202.479028,47.169448,20.168240,24.624089,0.077580,24.387637,0.059268,23.739998,0.051392,22.625159,0.128107,9.262426,+
204,202.516421,47.163737,16.201483,24.603343,0.063494,24.374387,0.052437,23.738363,0.053270,22.647623,0.117305,9.145613,+
205,202.520032,47.164187,16.773467,24.559411,0.078650,24.347577,0.062943,23.757549,0.048508,22.746402,0.126217,9.134354,+
206,202.519892,47.207583,25.504548,24.679031,0.074129,24.409784,0.054155,23.695852,0.063672,22.456062,0.138703,9.164395,+
207,202.522724,47.180282,29.671455,24.770911,0.061080,24.479563,0.037665,23.713878,0.044537,22.380960,0.105214,9.150629,+
208,202.514924,47.205559,21.761869,24.683496,0.073770,24.427025,0.066583,23.742168,0.069735,22.555154,0.145772,9.185764,+
209,202.464661,47.182290,20.654404,24.913236,0.070696,24.571153,0.049387,23.707003,0.027944,22.185943,0.099849,9.317327,+
210,202.507987,47.186256,18.521292,24.644300,0.078461,24.410490,0.062978,23.767184,0.054874,22.661142,0.132621,9.214189,+
211,202.495542,47.179442,17.694201,24.386042,0.056377,24.229097,0.037418,23.756978,0.051909,22.963728,0.109696,9.250664,+
212,202.513929,47.173348,16.527345,24.562086,0.101839,24.336816,0.091945,23.715445,0.090532,22.647831,0.194217,9.173804,+
213,202.475689,47.163462,15.728675,24.429457,0.128613,24.244686,0.113274,23.719544,0.095710,22.824344,0.223672,9.242706,+
214,202.513097,47.196365,14.921031,24.804158,0.059582,24.508423,0.050577,23.755303,0.046128,22.432697,0.105624,9.197728,+
215,202.496081,47.173975,19.103631,24.681414,0.063970,24.439730,0.048241,23.780647,0.039858,22.644779,0.103063,9.236195,+
216,202.510481,47.195339,27.749550,24.946301,0.059376,24.599187,0.043827,23.729353,0.053702,22.194781,0.114349,9.208330,+
217,202.483737,47.173851,18.693958,24.775393,0.088322,24.495038,0.063925,23.750760,0.039855,22.458698,0.128524,9.269757,+
218,202.523748,47.167856,20.340096,24.566510,0.054808,24.343946,0.046680,23.736192,0.047199,22.689161,0.102697,9.128499,+
219,202.481033,47.172411,17.928368,25.019595,0.063481,24.662811,0.047775,23.775492,0.066559,22.206677,0.133725,9.270197,+
220,202.514033,47.190636,15.736089,24.591799,0.065701,24.381733,0.043539,23.798228,0.039964,22.797534,0.104884,9.193042,+
221,202.497719,47.177586,20.031210,24.559274,0.117965,24.341066,0.103747,23.731421,0.085296,22.687498,0.202415,9.239263,+
222,202.524388,47.210137,14.878941,24.548552,0.095583,24.349617,0.082275,23.794282,0.091717,22.843148,0.190567,9.144270,+
223,202.486446,47.170712,24.002329,24.788735,0.061740,24.517847,0.047632,23.796181,0.039022,22.544569,0.100027,9.253160,+
224,202.469915,47.164725,16.467639,24.674801,0.085381,24.429502,0.075204,23.764186,0.064129,22.615901,0.149143,9.250136,+
225,202.500106,47.167270,24.902647,25.121671,0.070479,24.726290,0.047418,23.759768,0.056891,22.042408,0.127601,9.206261,+
226,202.497971,47.178972,22.205339,24.831218,0.068290,24.539816,0.052293,23.778047,0.052838,22.449999,0.121023,9.241269,+
227,202.520071,47.210616,10.790305,24.865311,0.048467,24.590509,0.040405,23.862614,0.056026,22.598214,0.108929,9.160462, 
228,202.524981,47.209281,18.916191,24.635320,0.072276,24.408198,0.061950,23.779541,0.057699,22.700403,0.130114,9.142833,+
229,202.496898,47.175231,15.840540,24.484435,0.074952,24.311567,0.053651,23.819726,0.040982,22.981529,0.115253,9.236668,+
230,202.485061,47.165297,14.637786,24.659900,0.080221,24.434178,0.069466,23.815003,0.062059,22.749588,0.142157,9.237270,+
231,202.498325,47.176149,17.694201,24.527358,0.067522,24.337096,0.053369,23.798881,0.052897,22.880272,0.120403,9.234066,+
232,202.477747,47.211638,6.294565,24.855840,0.057295,24.573022,0.045662,23.827721,0.041521,22.531264,0.098413,9.299441, 
233,202.518283,47.199523,19.809551,24.594128,0.060864,24.365723,0.045378,23.740431,0.055239,22.663920,0.117447,9.176126,+
234,202.516441,47.204215,19.140122,24.502130,0.075179,24.321721,0.064962,23.807226,0.056067,22.930952,0.130878,9.180884,+
235,202.507048,47.188291,25.349764,24.824054,0.060321,24.540460,0.052038,23.796263,0.061797,22.500220,0.125208,9.219581,+
236,202.493884,47.161788,15.625726,24.695554,0.120197,24.475185,0.115190,23.862075,0.109016,22.811057,0.231852,9.206471,+
237,202.500000,47.191435,15.721277,25.160698,0.096684,24.761058,0.058613,23.802866,0.060262,22.090640,0.155789,9.249618, 
238,202.481277,47.169641,15.121327,24.631760,0.087318,24.420984,0.074857,23.828387,0.082761,22.815334,0.172814,9.259699,+
239,202.481295,47.162815,18.524697,24.671886,0.080144,24.447282,0.072335,23.824324,0.076983,22.755548,0.159886,9.234174,+
240,202.509062,47.190703,9.360637,24.564915,0.040286,24.381114,0.032389,23.852750,0.047077,22.954709,0.091220,9.212996,+
241,202.506210,47.192569,13.016561,24.811674,0.068884,24.546740,0.046016,23.838083,0.035138,22.610384,0.103649,9.225148,+
242,202.493195,47.175813,16.759443,24.901799,0.069931,24.618052,0.058288,23.870412,0.053272,22.569833,0.122991,9.249899,+
243,202.455346,47.182570,16.765067,24.769087,0.062461,24.516863,0.056930,23.846033,0.080910,22.682063,0.152183,9.296376,+
244,202.527823,47.187144,18.264809,24.803801,0.076227,24.547854,0.078465,23.854401,0.095347,22.657209,0.181070,9.136150,+
245,202.493534,47.179769,21.459063,24.594482,0.102875,24.381157,0.090971,23.786425,0.076609,22.767465,0.178969,9.258221,+
246,202.486788,47.176235,16.478449,24.899296,0.078772,24.615596,0.053620,23.865704,0.054241,22.562343,0.132239,9.269809,+
247,202.505467,47.184054,20.348355,25.081683,0.075756,24.725634,0.045156,23.856461,0.059634,22.311457,0.135413,9.221656,+
248,202.508049,47.205138,20.319520,24.902021,0.076050,24.609049,0.051849,23.848841,0.045234,22.520781,0.120401,9.213101,+
249,202.533265,47.184279,19.132799,24.724998,0.108869,24.483978,0.094443,23.825504,0.076862,22.691242,0.184794,9.112694,+
250,202.496166,47.185295,17.438733,25.029141,0.151371,24.710415,0.103163,23.880692,0.073680,22.432498,0.224713,9.258761,+
251,202.491292,47.162632,20.481388,24.927852,0.058900,24.629326,0.039144,23.859328,0.043444,22.511919,0.102005,9.215235,+
252,202.490273,47.170924,18.402274,24.715020,0.061099,24.485230,0.057539,23.855310,0.068853,22.771216,0.134964,9.244449,+
253,202.511868,47.199298,21.607070,24.819484,0.068982,24.539680,0.052456,23.800780,0.050794,22.516195,0.119370,9.201962,+
254,202.500931,47.188525,19.983449,24.885305,0.097146,24.605551,0.076458,23.859255,0.072888,22.565405,0.169608,9.243946,+
255,202.528959,47.171969,20.882425,24.785392,0.096086,24.532261,0.066130,23.860530,0.046127,22.694278,0.142098,9.116087,+
256,202.524934,47.169157,20.176347,24.659484,0.053989,24.436404,0.042820,23.821351,0.054253,22.764465,0.110719,9.126504,+
257,202.493696,47.163020,18.341670,25.247385,0.073229,24.839875,0.048450,23.855491,0.040961,22.100313,0.113458,9.210920,+
258,202.522136,47.207233,16.940695,24.510055,0.060374,24.350318,0.052787,23.890419,0.046624,23.109057,0.106894,9.155914,+
259,202.531487,47.202356,18.449694,24.927296,0.088644,24.657318,0.054025,23.919922,0.048774,22.649624,0.136589,9.122014,+
260,202.527874,47.187265,19.049182,24.655306,0.125189,24.423101,0.103571,23.791287,0.064728,22.701759,0.189137,9.136015,+
261,202.526389,47.208998,13.335153,24.788523,0.061105,24.561247,0.056893,23.936593,0.063252,22.862308,0.127670,9.137598,+
262,202.486113,47.174150,31.657923,25.374988,0.104921,24.930547,0.086186,23.877990,0.084094,21.990277,0.189266,9.265134,+
263,202.489815,47.169974,20.249708,24.796763,0.092770,24.538412,0.077819,23.847282,0.065889,22.649987,0.157892,9.242671,+
264,202.461415,47.168532,15.865599,24.949481,0.091101,24.669945,0.060572,23.934118,0.045112,22.653745,0.135898,9.260582,+
265,202.488597,47.167357,13.345832,24.762243,0.068900,24.520284,0.046443,23.881353,0.042187,22.770551,0.110265,9.237101,+
266,202.534830,47.183391,21.209376,24.890202,0.100970,24.617050,0.077497,23.890514,0.062890,22.629908,0.162652,9.105857,+
267,202.523224,47.170307,38.195813,24.847733,0.063940,24.588592,0.054219,23.897172,0.052675,22.698514,0.116994,9.134714, 
268,202.485149,47.172709,15.488103,24.557938,0.081680,24.375826,0.059503,23.883840,0.068795,23.033803,0.151219,9.262756,+
269,202.509981,47.193046,9.761668,24.742481,0.088833,24.521358,0.067218,23.912813,0.054672,22.866601,0.142443,9.210101,+
270,202.478937,47.169034,16.100009,24.858032,0.090210,24.616379,0.074227,23.957778,0.090145,22.822557,0.184358,9.260979,+
271,202.508298,47.195652,21.733582,25.049734,0.072132,24.721332,0.051105,23.895725,0.061608,22.440520,0.134552,9.217123,+
272,202.515536,47.202203,20.286585,24.761368,0.075142,24.518839,0.053202,23.859663,0.043815,22.722612,0.118112,9.185848,+
273,202.513711,47.201555,7.367100,24.825994,0.075839,24.583132,0.041993,23.925093,0.064430,22.789056,0.141059,9.193505,+
274,202.470073,47.178681,19.078184,24.831087,0.068693,24.595424,0.057456,23.952007,0.068023,22.843487,0.139600,9.306375,+
275,202.487801,47.176987,22.092796,24.926422,0.089783,24.633754,0.063588,23.874078,0.052830,22.547071,0.141588,9.269196,+
276,202.484793,47.177887,16.832605,24.679752,0.103133,24.477791,0.080436,23.908912,0.082964,22.936883,0.186390,9.280132,+
277,202.503622,47.187499,16.912116,24.850322,0.089786,24.592310,0.064277,23.901672,0.052984,22.705425,0.141740,9.232460,+
278,202.522424,47.186091,11.721414,24.809065,0.056009,24.570451,0.041362,23.925228,0.063733,22.810708,0.124536,9.157002,+
279,202.535270,47.198302,19.313459,24.794806,0.058708,24.541198,0.042190,23.861513,0.043077,22.684631,0.101424,9.108114,+
280,202.478794,47.173167,13.533174,24.598649,0.066475,24.437646,0.053746,23.940697,0.071140,23.111020,0.141898,9.276733,+
281,202.475984,47.161848,15.880665,24.817195,0.086356,24.586726,0.072883,23.958830,0.059669,22.876432,0.145189,9.236091,+
282,202.501413,47.163350,9.084103,25.194927,0.102434,24.839220,0.083625,23.948299,0.056389,22.376302,0.157862,9.191521, 
283,202.519790,47.207767,16.211959,24.519680,0.083136,24.354383,0.063029,23.877000,0.033236,23.066581,0.117692,9.164615,+
284,202.480992,47.171457,11.196444,25.199612,0.085954,24.839883,0.067360,23.943350,0.060978,22.359203,0.146215,9.266817, 
285,202.519764,47.185639,9.553296,25.114573,0.065653,24.786385,0.040201,23.948663,0.035973,22.478450,0.101024,9.167223,+
286,202.507584,47.189732,15.350549,24.737233,0.069516,24.529046,0.057398,23.943199,0.058462,22.941921,0.128596,9.218398,+
287,202.509502,47.193532,17.128890,24.955996,0.114209,24.682064,0.078628,23.945936,0.060493,22.672250,0.173837,9.212124,+
288,202.485128,47.210261,21.491282,25.161156,0.074957,24.827978,0.059863,23.986223,0.052116,22.504632,0.126369,9.286116,+
289,202.496667,47.176572,14.035287,25.074472,0.063223,24.767285,0.053871,23.970982,0.078869,22.579481,0.149891,9.240560,+
290,202.517489,47.171808,15.192370,24.781133,0.101158,24.560057,0.073929,23.937445,0.060249,22.873554,0.160229,9.158184,+
291,202.515092,47.211692,18.880559,25.456025,0.111325,25.011618,0.085487,23.934753,0.122641,22.016429,0.242208,9.178148,+
292,202.493498,47.164064,18.008902,24.993181,0.106137,24.700967,0.081200,23.936325,0.067572,22.603630,0.172451,9.214757,+
293,202.493916,47.161992,14.317922,24.945089,0.062903,24.679918,0.051941,23.970619,0.050384,22.741813,0.113433,9.207062,+
294,202.529769,47.191409,15.679474,24.920676,0.108254,24.667349,0.082868,23.987028,0.051613,22.809697,0.159794,9.130077,+
295,202.495204,47.162115,18.610678,24.801314,0.064388,24.579881,0.052364,23.962294,0.059288,22.904290,0.125286,9.204334,+
296,202.514271,47.193738,16.162300,24.910141,0.053667,24.675861,0.038624,24.032014,0.072439,22.924697,0.134801,9.192947,+
297,202.492544,47.161843,20.156062,24.958701,0.074021,24.699996,0.056464,24.010654,0.051766,22.815168,0.125113,9.209771,+
298,202.493659,47.174724,16.177949,24.825897,0.082825,24.603627,0.059661,23.989998,0.053700,22.935930,0.135562,9.245647,+
299,202.510974,47.212343,17.067612,25.057876,0.101344,24.759725,0.082583,23.979397,0.077459,22.619436,0.178526,9.192690,+
300,202.522228,47.206479,13.645545,24.589707,0.075747,24.427165,0.065260,23.968692,0.068151,23.185592,0.145443,9.156206,+
301,202.510245,47.162615,23.391852,25.166058,0.171453,24.815103,0.124630,23.946015,0.073677,22.407540,0.246584,9.163001,+
302,202.498353,47.185154,16.225106,25.147238,0.095213,24.840054,0.066304,24.040903,0.043482,22.645814,0.138968,9.250277,+
303,202.530911,47.178828,15.320052,24.637603,0.059381,24.466702,0.052553,23.972295,0.059877,23.133341,0.122038,9.117253,+
304,202.519742,47.189391,19.016663,24.969821,0.080099,24.688797,0.063368,23.946536,0.045443,22.656174,0.124702,9.169619,+
305,202.494457,47.181820,14.289350,24.887534,0.116050,24.641178,0.077804,23.987228,0.067312,22.851942,0.182074,9.259233,+
306,202.481168,47.163560,13.752240,24.597124,0.054391,24.446055,0.047177,24.001633,0.047457,23.250719,0.102653,9.237168,+
307,202.498275,47.214503,23.601120,25.488731,0.093039,25.032457,0.067562,23.959192,0.055898,22.030443,0.147843,9.233932,+
308,202.521570,47.187583,15.296693,25.485938,0.080898,25.042983,0.044330,23.997012,0.052991,22.119477,0.132966,9.161355, 
309,202.525361,47.208684,13.082811,25.244849,0.068624,24.894467,0.051809,24.012121,0.102566,22.457653,0.186375,9.141925, 
310,202.474321,47.210431,71.016960,24.836956,0.072265,24.618918,0.054607,24.017168,0.064256,22.983416,0.137834,9.309145, 
311,202.455267,47.193576,18.600386,24.644696,0.067318,24.479169,0.041295,23.990995,0.073100,23.166678,0.145074,9.315155,+
312,202.523131,47.173327,18.231594,24.779955,0.055582,24.563991,0.031450,23.962135,0.051573,22.930864,0.108635,9.139933,+
313,202.523048,47.204798,7.468645,24.879632,0.056307,24.656498,0.042938,24.038193,0.043675,22.977138,0.099911,9.154266,+
314,202.515637,47.193833,12.305547,24.777948,0.057055,24.566938,0.038704,23.978323,0.038441,22.969995,0.094888,9.187453,+
315,202.510129,47.197072,15.137336,25.340355,0.101344,24.962730,0.078059,24.034367,0.054389,22.387518,0.154899,9.209585,+
316,202.516350,47.170997,14.828326,25.101214,0.071828,24.796484,0.059071,24.009943,0.069656,22.633851,0.144121,9.160813,+
317,202.510778,47.160343,19.257763,25.148850,0.078043,24.849897,0.055763,24.080047,0.057642,22.732286,0.135243,9.155514,+
318,202.493952,47.198442,13.883660,24.822309,0.068999,24.616911,0.055495,24.044592,0.065884,23.063890,0.137161,9.274128,+
319,202.524780,47.210126,10.984217,24.958754,0.090062,24.720808,0.071012,24.072050,0.057395,22.953917,0.146391,9.142758,+
320,202.530152,47.192736,27.400727,25.329763,0.084780,24.962676,0.069175,24.043937,0.059937,22.422511,0.143993,9.128818,+
321,202.530012,47.191430,14.708654,24.669254,0.053981,24.499115,0.043799,24.004316,0.040118,23.165830,0.093819,9.129105,+
322,202.476295,47.161353,16.481153,24.773005,0.075782,24.561269,0.056579,23.982962,0.091880,22.986716,0.176061,9.233893,+
323,202.520006,47.172568,16.656408,25.192679,0.049942,24.867835,0.033536,24.034703,0.035760,22.574496,0.085313,9.150302,+
324,202.492242,47.166797,16.424453,24.870465,0.073678,24.629816,0.065992,23.979819,0.061620,22.856714,0.135892,9.226558,+
325,202.515831,47.212372,18.802658,25.078423,0.110572,24.780850,0.076656,24.014825,0.041836,22.673629,0.154837,9.174410,+
326,202.512934,47.202279,17.099673,24.933850,0.068171,24.693316,0.045749,24.034796,0.038281,22.901088,0.105761,9.196163,+
327,202.530456,47.192851,18.545254,24.923882,0.063788,24.670716,0.044566,23.990379,0.049502,22.813233,0.113213,9.127612,+
328,202.517182,47.201449,19.165722,24.927818,0.073633,24.665859,0.054188,23.969676,0.052571,22.761460,0.125617,9.179700,+
329,202.531777,47.175414,11.268169,24.851072,0.061680,24.636357,0.050705,24.043834,0.046775,23.025907,0.108242,9.110025,+
330,202.484109,47.165211,13.008129,24.701989,0.080195,24.537012,0.051059,24.034794,0.044614,23.193461,0.124023,9.238679,+
331,202.472435,47.165628,14.741102,24.738830,0.055173,24.542391,0.042595,24.000697,0.059472,23.069911,0.118328,9.253228,+
332,202.526960,47.190163,21.532812,25.238242,0.073921,24.875227,0.051989,24.005718,0.066387,22.451505,0.141790,9.140986,+
333,202.522010,47.174876,13.778724,24.861234,0.065126,24.650934,0.047008,24.068770,0.052602,23.069474,0.117946,9.146444,+
334,202.513598,47.164624,8.763324,24.810131,0.064065,24.616280,0.050651,24.070102,0.061521,23.136925,0.127787,9.157023,+
335,202.527263,47.201219,12.667856,25.038365,0.065098,24.767156,0.049481,24.044601,0.053946,22.791463,0.119483,9.139437,+
336,202.520317,47.164940,17.851745,24.954463,0.052702,24.719138,0.041731,24.077150,0.053807,22.970859,0.109158,9.134944,+
337,202.479154,47.163633,13.013182,24.985921,0.076276,24.750168,0.066261,24.100600,0.067158,22.984210,0.144684,9.240022,+
338,202.496206,47.161824,14.460421,24.993625,0.118619,24.749078,0.094869,24.080531,0.078643,22.929119,0.195942,9.200919,+
339,202.490853,47.178090,11.338304,24.654518,0.061997,24.497900,0.039920,24.054832,0.051742,23.298629,0.114220,9.263017,+
340,202.494157,47.172235,25.543540,25.168992,0.085284,24.830127,0.059811,23.982451,0.059685,22.486224,0.144195,9.237457,+
341,202.510334,47.196025,21.677168,25.286494,0.087434,24.928590,0.065264,24.030334,0.070960,22.446316,0.158738,9.208893,+
342,202.514854,47.177389,12.914275,24.989789,0.070463,24.748964,0.042158,24.086256,0.038072,22.946901,0.107931,9.177001,+
343,202.511595,47.200020,12.954340,25.000061,0.088003,24.750527,0.059148,24.069439,0.055889,22.895924,0.142847,9.202756,+
344,202.521326,47.204825,15.447530,24.994855,0.085936,24.745149,0.064153,24.041158,0.061224,22.838545,0.146465,9.161076,+
345,202.509385,47.208509,13.194820,25.029271,0.082459,24.794121,0.050552,24.108692,0.057545,22.947841,0.139245,9.204091,+
346,202.479758,47.175980,15.215418,24.789373,0.070741,24.609066,0.054073,24.088606,0.072678,23.204939,0.147101,9.285341,+
347,202.508046,47.162302,14.635645,25.196851,0.082891,24.885558,0.065107,24.082397,0.068915,22.677070,0.152404,9.169020,+
348,202.526263,47.204728,18.145792,25.047840,0.071477,24.773196,0.064544,24.053860,0.074518,22.800451,0.150022,9.141541,+
349,202.502119,47.193096,11.996343,25.604560,0.091956,25.150292,0.062625,24.080443,0.053845,22.158531,0.144760,9.241748, 
350,202.521036,47.203730,16.290996,24.805188,0.049242,24.598794,0.031910,24.014414,0.037202,23.017249,0.086258,9.162988,+
351,202.511408,47.201287,10.993854,24.971005,0.053830,24.732869,0.038634,24.082590,0.049055,22.962300,0.104117,9.202848,+
352,202.517118,47.173828,12.675866,24.985096,0.067956,24.741184,0.041597,24.081243,0.049012,22.941484,0.116470,9.163001,+
353,202.479658,47.169271,17.429654,25.026064,0.071603,24.767632,0.055425,24.081792,0.088908,22.891064,0.169194,9.260860,+
354,202.467100,47.173403,12.497311,24.848553,0.078788,24.676930,0.048830,24.047409,0.068993,23.037166,0.148996,9.284564,+
355,202.533564,47.179428,11.548556,25.040988,0.068144,24.783388,0.053818,24.088062,0.055036,22.886422,0.123407,9.107498,+
356,202.509349,47.194187,7.999018,24.959271,0.060687,24.721110,0.038831,24.078000,0.049538,22.966719,0.110510,9.212836,+
357,202.486127,47.196175,13.129082,25.033905,0.089971,24.788043,0.066275,24.115105,0.056247,22.956498,0.145143,9.306405,+
358,202.519508,47.206964,15.716421,24.998252,0.097428,24.752055,0.065322,24.099075,0.060997,22.965213,0.157259,9.166483,+
359,202.508429,47.195064,18.735926,25.216201,0.111944,24.896715,0.077482,24.068975,0.075372,22.622322,0.186121,9.216600,+
360,202.471076,47.164974,18.258166,24.801258,0.053592,24.607437,0.043429,24.062359,0.047112,23.130608,0.101567,9.250999,+
361,202.501579,47.162827,18.901919,25.176112,0.058240,24.859709,0.043124,24.046990,0.040889,22.623168,0.098610,9.189555,+
362,202.520535,47.202911,18.178694,25.047198,0.147149,24.782885,0.123119,24.079468,0.093775,22.859160,0.239181,9.165495,+
363,202.485969,47.167890,14.691410,24.861185,0.080975,24.652311,0.056922,24.057440,0.045477,23.043918,0.125632,9.244624,+
364,202.517643,47.170783,17.864471,25.134594,0.077763,24.853199,0.056063,24.110787,0.047131,22.819766,0.123972,9.155782,+
365,202.467839,47.173618,18.500801,25.054009,0.066181,24.791628,0.042097,24.090422,0.061819,22.875339,0.129858,9.285713,+
366,202.490431,47.175296,17.001045,25.227266,0.069752,24.910973,0.047611,24.096684,0.062874,22.671021,0.134073,9.256851,+
367,202.513796,47.214301,15.741048,25.169573,0.086797,24.896000,0.078885,24.165178,0.092910,22.898637,0.185306,9.179140,+
368,202.515812,47.200612,6.776936,24.953565,0.053545,24.733761,0.041450,24.125076,0.045505,23.080351,0.099612,9.185592,+
369,202.507410,47.186588,12.621607,25.010612,0.066824,24.775737,0.048829,24.126431,0.043449,23.011480,0.109500,9.216756,+
370,202.522874,47.182448,12.495750,25.149333,0.089664,24.868726,0.065256,24.125744,0.061981,22.834999,0.150779,9.152252,+
371,202.530244,47.185273,13.269842,24.871353,0.064330,24.674839,0.042602,24.124184,0.031202,23.182004,0.095405,9.125370,+
372,202.495539,47.188771,13.669735,25.259225,0.098087,24.945139,0.075407,24.137350,0.052682,22.722666,0.149958,9.265347,+
373,202.525018,47.169234,10.675437,25.108824,0.048003,24.834406,0.030716,24.106788,0.044256,22.843221,0.093472,9.126329,+
374,202.528405,47.168765,14.881148,24.986026,0.054636,24.752157,0.035609,24.107656,0.077292,23.000031,0.142197,9.113132,+
375,202.505835,47.214719,15.485905,25.063727,0.082227,24.818445,0.066397,24.155578,0.053641,23.010402,0.134922,9.207336,+
376,202.509677,47.189495,12.607328,25.155641,0.086723,24.864279,0.069721,24.114944,0.112420,22.802626,0.211409,9.209909,+
377,202.509373,47.161542,22.822048,25.628737,0.059324,25.166666,0.036857,24.099912,0.051308,22.172062,0.111421,9.162961,+
378,202.525290,47.171606,8.163820,25.145818,0.061046,24.870427,0.040522,24.139586,0.053434,22.870726,0.115416,9.129230,+
379,202.491616,47.177705,15.381196,24.999567,0.113697,24.762918,0.078786,24.115314,0.069948,23.000271,0.182286,9.259646,+
380,202.522837,47.182622,14.158169,24.795936,0.055699,24.612672,0.037853,24.053059,0.052824,23.116291,0.110275,9.152559,+
381,202.475855,47.163227,12.307057,24.916937,0.085621,24.715161,0.065553,24.153772,0.072845,23.191421,0.159378,9.241648,+
382,202.514692,47.191777,7.736268,24.735575,0.058494,24.585767,0.044267,24.149099,0.048200,23.409551,0.107042,9.190811,+
383,202.501502,47.175711,11.002285,24.933865,0.084383,24.717524,0.060846,24.120195,0.061604,23.094157,0.145437,9.222318,+
384,202.528533,47.188073,17.785233,25.276485,0.090207,24.954479,0.062801,24.130745,0.056584,22.685967,0.145713,9.133797,+
385,202.523848,47.210245,11.917884,25.101162,0.079529,24.840476,0.068991,24.145571,0.063811,22.940572,0.143540,9.146254,+
386,202.479521,47.169630,15.823013,25.021518,0.073516,24.773212,0.051605,24.098387,0.052902,22.934318,0.125868,9.262408,+
387,202.505338,47.161472,25.733680,25.556866,0.096884,25.132118,0.068046,24.108027,0.053365,22.281040,0.149337,9.174901,+
388,202.471647,47.164127,16.473039,24.817933,0.072157,24.630437,0.069337,24.093919,0.070061,23.180939,0.144890,9.247456,+
389,202.522764,47.208619,11.389794,24.940985,0.085835,24.741383,0.069420,24.178896,0.049477,23.217903,0.134373,9.152150,+
390,202.509572,47.200967,11.957678,24.811477,0.066856,24.643325,0.048078,24.156690,0.056437,23.331003,0.123924,9.210359,+
391,202.477161,47.161212,16.193628,25.233619,0.127181,24.946464,0.093874,24.197338,0.060864,22.890587,0.187923,9.232618,+
392,202.524864,47.178413,20.757035,25.288391,0.064095,24.958177,0.044448,24.108361,0.052656,22.620344,0.117108,9.140234,+
393,202.529658,47.191110,15.630579,25.011235,0.059609,24.779678,0.039116,24.144759,0.034723,23.052134,0.093664,9.130444,+
394,202.512062,47.199376,17.542496,24.828974,0.076006,24.649857,0.062104,24.130241,0.065446,23.249138,0.142407,9.201152,+
395,202.485472,47.167148,14.039228,25.125689,0.093105,24.873934,0.070934,24.195803,0.070136,23.023216,0.162864,9.243047,+
396,202.534908,47.191914,6.752752,25.137583,0.057669,24.866368,0.042766,24.135249,0.047301,22.871305,0.105278,9.109512,+
397,202.483326,47.162510,19.751011,25.085223,0.059069,24.811750,0.053826,24.101223,0.050133,22.860399,0.109808,9.230049,+
398,202.519831,47.166576,7.752222,25.130177,0.076270,24.875856,0.058440,24.189837,0.062394,23.004069,0.139044,9.139962,+
399,202.507700,47.214848,11.144157,24.794703,0.076481,24.645190,0.055664,24.210865,0.055343,23.474647,0.131280,9.200440,+
400,202.516021,47.165424,7.515666,25.158154,0.072565,24.893962,0.041140,24.182256,0.045332,22.951647,0.117029,9.150695,+
401,202.511659,47.197357,15.421391,25.545905,0.087089,25.148752,0.062403,24.181801,0.059417,22.461666,0.145617,9.203369,+
402,202.493577,47.166446,11.626236,25.067870,0.063551,24.826074,0.044366,24.171082,0.043054,23.040233,0.105940,9.222057,+
403,202.498520,47.166108,14.914351,25.057904,0.067002,24.815513,0.051711,24.161670,0.055473,23.031520,0.122918,9.207627,+
404,202.488282,47.161132,16.248758,25.199251,0.065969,24.921559,0.046255,24.202619,0.038354,22.945867,0.103586,9.216346,+
405,202.528700,47.191081,14.983459,24.884161,0.058423,24.697042,0.039513,24.166447,0.043281,23.261409,0.101388,9.134289,+
406,202.518755,47.206931,19.276280,24.904586,0.090230,24.716422,0.068906,24.178317,0.052347,23.262492,0.141575,9.169467, 
407,202.508229,47.189110,13.469540,25.130941,0.073411,24.870366,0.045411,24.179765,0.061206,22.980332,0.135176,9.215447,+
408,202.522752,47.203962,12.797231,24.985315,0.038489,24.769374,0.024383,24.171699,0.040000,23.145731,0.080622,9.156008,+
409,202.487104,47.205657,15.863077,25.142679,0.069153,24.872376,0.050969,24.162758,0.046076,22.927078,0.114469,9.291068,+
410,202.477843,47.163401,15.504870,24.998421,0.079536,24.773341,0.061872,24.157674,0.051056,23.097492,0.129656,9.240550,+
411,202.512967,47.191691,6.929174,24.914870,0.069944,24.735273,0.053017,24.219025,0.056447,23.341565,0.126617,9.197718,+
412,202.527062,47.187620,8.697912,25.316028,0.059523,25.014882,0.042140,24.234483,0.038396,22.870655,0.097223,9.139450,+
413,202.525113,47.174189,19.884203,25.203886,0.066364,24.920073,0.052949,24.175054,0.044709,22.877696,0.110366,9.133774,+
414,202.517665,47.169736,18.188595,25.554209,0.067565,25.170136,0.049387,24.228464,0.051614,22.556699,0.118991,9.153756,+
415,202.513752,47.197612,12.844780,25.165241,0.073770,24.897063,0.059709,24.186141,0.061834,22.951496,0.136223,9.194888,+
416,202.521767,47.203934,6.130057,25.171592,0.075261,24.912448,0.051152,24.222010,0.059864,23.024588,0.135236,9.159947,+
417,202.529583,47.176516,10.054407,24.876459,0.054436,24.705239,0.040855,24.212996,0.037084,23.376370,0.090961,9.119798,+
418,202.527590,47.196083,13.406487,25.148635,0.041352,24.904437,0.039789,24.231709,0.072806,23.075465,0.128252,9.139334,+
419,202.520122,47.178461,7.129744,25.054365,0.054441,24.833467,0.038696,24.226319,0.053303,23.182153,0.109872,9.158508,+
420,202.486634,47.177361,14.588787,25.110602,0.071811,24.866708,0.056477,24.210960,0.063291,23.076511,0.136291,9.273559,+
421,202.503015,47.186808,8.574398,25.170301,0.118762,24.911204,0.103351,24.219818,0.094348,23.021260,0.213269,9.234190,+
422,202.508079,47.170093,15.109924,25.454194,0.074348,25.112083,0.052553,24.247911,0.030695,22.726789,0.105971,9.187798,+
423,202.473194,47.163749,12.107879,24.818839,0.133065,24.662951,0.114867,24.214183,0.088160,23.451711,0.219740,9.245376,+
424,202.517825,47.193285,13.826214,25.443235,0.089270,25.110798,0.059037,24.251318,0.069637,22.748310,0.158847,9.178562,+
425,202.466363,47.165148,12.802136,24.979322,0.077201,24.779190,0.073663,24.221430,0.059379,23.265729,0.136417,9.251163,+
426,202.535004,47.185563,15.913436,25.129825,0.060930,24.881263,0.043505,24.209588,0.050858,23.049170,0.112261,9.106590,+
427,202.473343,47.168097,12.169608,25.107518,0.061697,24.872772,0.050722,24.231736,0.041377,23.127374,0.102408,9.262690,+
428,202.528143,47.195484,7.790172,24.976279,0.060221,24.779215,0.045370,24.227447,0.039653,23.283169,0.099193,9.137129,+
429,202.513058,47.199167,7.495437,25.580849,0.077192,25.198703,0.055086,24.250373,0.092885,22.572642,0.178386,9.197234, 
430,202.530083,47.168636,10.833447,25.130604,0.079940,24.902256,0.049878,24.254896,0.059912,23.150629,0.139494,9.106743,+
431,202.507251,47.190700,13.795771,24.897299,0.057534,24.725248,0.037552,24.236292,0.043710,23.402762,0.101055,9.220243,+
432,202.500280,47.178923,11.256783,25.185465,0.084547,24.924662,0.066390,24.228402,0.061888,23.021546,0.145901,9.233026,+
433,202.472354,47.206752,12.383077,25.039077,0.075583,24.823509,0.049843,24.211823,0.046796,23.168656,0.121474,9.325563,+
434,202.500564,47.162813,7.367636,25.168542,0.062625,24.926591,0.047673,24.269998,0.042725,23.136932,0.104711,9.192364,+
435,202.510153,47.208600,11.779247,24.992039,0.084527,24.791185,0.063287,24.227477,0.050066,23.263364,0.133617,9.201038,+
436,202.509349,47.203807,11.124382,25.640378,0.077885,25.238828,0.054881,24.260297,0.057738,22.520015,0.135205,9.209230, 
437,202.511644,47.179278,17.453905,25.461469,0.040287,25.102643,0.029425,24.208921,0.059146,22.629459,0.107897,9.191817,+
438,202.461023,47.176781,13.419063,25.170152,0.075099,24.908960,0.053606,24.187220,0.045623,22.947743,0.119831,9.291156,+
439,202.523680,47.185453,10.938656,24.972269,0.054645,24.777954,0.039958,24.228807,0.036774,23.291301,0.090835,9.151568,+
440,202.509655,47.205429,12.919277,25.613411,0.099696,25.216591,0.066333,24.249569,0.072873,22.529765,0.171928,9.206538,+
441,202.488873,47.175770,20.578088,25.658840,0.096552,25.252481,0.073241,24.266289,0.058717,22.510283,0.154121,9.262670,+
442,202.483355,47.163670,6.926302,25.106416,0.067574,24.887152,0.051050,24.285107,0.043646,23.249436,0.110431,9.234301,+
443,202.524454,47.167782,11.405344,25.327123,0.080512,25.033846,0.061584,24.271798,0.039915,22.941034,0.120142,9.125821,+
444,202.511804,47.200052,15.528891,25.095939,0.059542,24.869850,0.041741,24.263128,0.046155,23.212953,0.105618,9.201903,+
445,202.490658,47.165884,19.023881,25.290202,0.080966,24.997057,0.064112,24.232770,0.048787,22.899348,0.128798,9.227474,+
446,202.518490,47.211666,15.393028,25.387189,0.102461,25.073870,0.076598,24.284049,0.081180,22.892989,0.183746,9.165244,+
447,202.512333,47.160118,16.206728,25.286751,0.168431,25.006718,0.149573,24.274296,0.126214,22.997589,0.293889,9.150121,+
448,202.493990,47.181227,13.417254,25.124144,0.081022,24.902295,0.062305,24.292367,0.063078,23.243496,0.144028,9.259712,+
449,202.510722,47.163006,14.734597,25.331338,0.112633,25.040052,0.079805,24.263458,0.057037,22.916860,0.169112,9.162474,+
450,202.511970,47.197048,7.857942,25.187192,0.077004,24.947107,0.052171,24.297174,0.049315,23.174862,0.125411,9.202176,+
451,202.473055,47.209109,14.661329,25.071938,0.067266,24.857614,0.058478,24.260573,0.076069,23.237441,0.148939,9.315662,+
452,202.528882,47.190745,15.069046,25.319596,0.068330,25.036654,0.051583,24.289031,0.057366,22.989490,0.126286,9.133458,+
453,202.480638,47.166293,10.300270,25.213411,0.096084,24.971627,0.073527,24.319730,0.041486,23.192799,0.138340,9.248239,+
454,202.462522,47.177409,15.557807,25.588495,0.082839,25.194939,0.048416,24.239273,0.055260,22.537905,0.137190,9.295863,+
455,202.517879,47.179173,12.121051,25.213329,0.050622,24.960076,0.032988,24.277202,0.049339,23.096746,0.101882,9.167991,+
456,202.519547,47.168444,22.832449,25.845104,0.074631,25.381573,0.049469,24.292090,0.048955,22.333740,0.122736,9.144613,+
457,202.511091,47.162200,21.281403,25.279547,0.054712,24.993018,0.043867,24.232614,0.055444,22.912432,0.112791,9.159292,+
458,202.521013,47.198289,9.813275,25.342698,0.059504,25.056680,0.044117,24.301060,0.041285,22.987556,0.100225,9.165514,+
459,202.479630,47.171925,11.599335,24.994056,0.075933,24.819868,0.065430,24.312253,0.067076,23.452499,0.144297,9.270808,+
460,202.510510,47.198582,13.680953,25.620716,0.104183,25.231752,0.068873,24.306647,0.068779,22.649607,0.171790,9.207671,+
461,202.527707,47.194112,13.282148,25.180754,0.074960,24.942330,0.064553,24.292667,0.051181,23.172790,0.125379,9.138841,+
462,202.513071,47.196909,13.087940,25.070796,0.086622,24.863434,0.071910,24.285630,0.065788,23.295537,0.152124,9.197761,+
463,202.501647,47.189087,10.821798,25.236444,0.103572,24.956932,0.064883,24.247703,0.056296,23.000902,0.158953,9.241570,+
464,202.500607,47.186379,19.585085,25.397118,0.081493,25.096837,0.053580,24.311163,0.062061,22.941775,0.143305,9.243115,+
465,202.529906,47.179021,6.530598,25.209139,0.055099,24.961424,0.041183,24.296952,0.045112,23.146685,0.100492,9.121365,+
466,202.522099,47.167834,14.806415,25.088504,0.058589,24.876611,0.043415,24.293498,0.067372,23.290995,0.131205,9.134370,+
467,202.505763,47.183119,9.880982,25.218933,0.110567,24.971750,0.089514,24.308987,0.069308,23.161546,0.178553,9.219358,+
468,202.512803,47.197371,11.042287,25.094267,0.074431,24.892466,0.045420,24.319683,0.067861,23.342934,0.144004,9.198760,+
469,202.494243,47.164782,11.136729,25.060960,0.074061,24.858952,0.057773,24.294039,0.052279,23.326951,0.125701,9.215171,+
470,202.483589,47.174617,11.222756,25.059475,0.060481,24.869310,0.044006,24.326391,0.062817,23.401972,0.126638,9.272654,+
471,202.486968,47.185697,6.521739,24.960910,0.064410,24.797614,0.051233,24.325667,0.041416,23.524625,0.105070,9.293220,+
472,202.509008,47.196080,10.916029,25.285828,0.103652,25.035023,0.088133,24.359434,0.080235,23.191252,0.183734,9.214231,+
473,202.525557,47.204422,12.720904,25.399320,0.082288,25.097953,0.065029,24.314329,0.076275,22.946155,0.160736,9.144550,+
474,202.505578,47.191015,10.396407,24.928332,0.124542,24.767677,0.094141,24.304345,0.069120,23.517499,0.192454,9.227091,+
475,202.477768,47.161589,12.162232,25.079639,0.073491,24.874763,0.063503,24.302040,0.074349,23.321487,0.151346,9.233543,+
476,202.509421,47.197214,10.268621,25.234080,0.075013,24.999139,0.053095,24.356436,0.054168,23.249725,0.128637,9.212407,+
477,202.494789,47.159587,12.240966,25.280779,0.089061,25.035806,0.061725,24.354744,0.074044,23.187013,0.163747,9.197135,+
478,202.493688,47.159237,11.249203,25.210770,0.066786,24.979357,0.051703,24.345437,0.058716,23.254252,0.126578,9.198488,+
479,202.539523,47.193235,14.420905,25.378022,0.058831,25.090041,0.045285,24.335022,0.034670,23.019800,0.092827,9.091137,+
480,202.506044,47.181937,8.909720,24.949688,0.061838,24.793596,0.044851,24.343915,0.052331,23.580035,0.114776,9.216714,+
481,202.490119,47.168943,7.516255,25.509994,0.101520,25.167925,0.056818,24.313238,0.059862,22.804128,0.160218,9.238647,+
482,202.523378,47.190304,10.605379,25.277108,0.055227,25.036466,0.038175,24.379293,0.040505,23.247148,0.095391,9.155419,+
483,202.498861,47.168365,10.841656,25.298351,0.085589,25.048675,0.064538,24.372985,0.034283,23.206099,0.121213,9.212947,+
484,202.516886,47.204238,17.120069,25.753364,0.145392,25.339994,0.088635,24.316891,0.093101,22.505499,0.236778,9.179104,+
485,202.506164,47.215268,20.319480,25.472622,0.140095,25.174042,0.102943,24.399131,0.057214,23.045458,0.199217,9.205115,+
486,202.476158,47.162756,7.750911,25.683659,0.104098,25.297671,0.071529,24.353064,0.035663,22.675185,0.143267,9.239545,+
487,202.510373,47.164130,13.651117,25.361488,0.136703,25.074761,0.101758,24.323843,0.061934,23.015373,0.199125,9.166358,+
488,202.482873,47.174669,6.464893,25.262320,0.061170,25.013894,0.045443,24.344220,0.066157,23.186496,0.131476,9.274424,+
489,202.503996,47.163932,31.617984,25.295590,0.091150,25.030812,0.074980,24.327012,0.066735,23.105635,0.157310,9.185610, 
490,202.485569,47.184846,5.993704,25.277082,0.073406,25.028707,0.048737,24.358335,0.047315,23.199795,0.119861,9.296298,+
491,202.529550,47.173913,6.146218,25.291246,0.064496,25.038493,0.039027,24.357497,0.048170,23.180039,0.112359,9.116602,+
492,202.481625,47.176622,12.200712,25.323297,0.086503,25.040016,0.048140,24.311810,0.104432,23.036325,0.200365,9.283766,+
493,202.531535,47.176929,6.119834,25.094927,0.065872,24.901880,0.047050,24.356353,0.041050,23.425011,0.106133,9.112756,+
494,202.506599,47.188806,9.995262,25.076352,0.104577,24.891744,0.081827,24.365698,0.049200,23.469564,0.153817,9.221729,+
495,202.524428,47.173150,9.987424,25.045405,0.111037,24.863323,0.094235,24.345616,0.076677,23.463182,0.186636,9.134821,+
496,202.487493,47.163488,6.532220,25.080092,0.049645,24.896317,0.037808,24.376461,0.048792,23.489183,0.100426,9.226190,+
497,202.512921,47.198897,13.141119,25.360859,0.080512,25.083897,0.065899,24.348681,0.052603,23.072324,0.132191,9.197877,+
498,202.479353,47.178521,14.550672,25.660193,0.122755,25.285473,0.085084,24.359079,0.064006,22.718374,0.185937,9.295089,+
499,202.463403,47.171732,12.399919,25.295459,0.065542,25.045430,0.049791,24.368448,0.055381,23.199487,0.121551,9.275180,+
500,202.526100,47.187817,8.606789,25.111157,0.058075,24.911708,0.042709,24.357887,0.059065,23.408013,0.119997,9.143396,+
501,202.516960,47.173099,15.266398,25.463757,0.077574,25.150444,0.051434,24.342638,0.065952,22.928906,0.144344,9.162356,+
502,202.498173,47.209805,15.236229,25.720635,0.104736,25.336742,0.065613,24.389880,0.056162,22.711798,0.160039,9.243889,+
503,202.494261,47.165201,8.343885,25.067553,0.066458,24.884924,0.049086,24.368390,0.042266,23.486744,0.107936,9.216436,+
504,202.524371,47.177311,11.790329,24.977000,0.064031,24.818434,0.047873,24.358716,0.053661,23.579059,0.118228,9.140789,+
505,202.475609,47.161315,10.608745,25.720048,0.074664,25.328051,0.050098,24.395243,0.054707,22.724663,0.128904,9.234252, 
506,202.522863,47.187596,14.535923,25.493860,0.077318,25.171426,0.055194,24.338063,0.065862,22.880604,0.144018,9.156205,+
507,202.476030,47.171646,7.034693,25.542213,0.070864,25.224712,0.049533,24.414299,0.050217,22.991999,0.120485,9.274550,+
508,202.493221,47.160977,13.992177,25.308555,0.065299,25.047655,0.053788,24.348100,0.067460,23.136966,0.136263,9.205350,+
509,202.504506,47.202076,13.610361,25.281582,0.065401,25.028790,0.052108,24.378463,0.063346,23.239629,0.131129,9.229761,+
510,202.526900,47.202794,8.963125,25.627536,0.066280,25.273327,0.041654,24.389187,0.048860,22.827629,0.114755,9.140153,+
511,202.468023,47.170249,10.432110,25.475386,0.080412,25.175423,0.058315,24.397406,0.043548,23.038074,0.123263,9.272221,+
512,202.539097,47.184743,9.759767,25.315570,0.084488,25.071790,0.058381,24.412732,0.059541,23.274254,0.143293,9.089783,+
513,202.475654,47.207183,17.557854,25.584361,0.088250,25.246762,0.066427,24.396035,0.062427,22.897556,0.149927,9.319274,+
514,202.480802,47.171397,14.747618,25.440481,0.084833,25.154234,0.066258,24.405196,0.055962,23.099703,0.139840,9.266926,+
515,202.464749,47.164852,16.222463,25.379842,0.086718,25.111707,0.074045,24.402853,0.075576,23.170869,0.163560,9.249121,+
516,202.472336,47.164094,13.236569,25.204109,0.080382,24.981954,0.065826,24.370174,0.083423,23.318583,0.168226,9.247111,+
517,202.512626,47.186347,9.286921,25.680817,0.101633,25.311721,0.079016,24.396250,0.057102,22.776412,0.157703,9.196002,+
518,202.503179,47.162431,12.627966,25.506167,0.069956,25.197947,0.054213,24.402683,0.068911,23.011189,0.141710,9.183856,+
519,202.470703,47.174766,12.477083,25.062529,0.078422,24.883128,0.063729,24.370871,0.059406,23.498690,0.137550,9.290499,+
520,202.485354,47.176469,6.547652,25.174540,0.078244,24.973358,0.054236,24.411930,0.058619,23.450280,0.136510,9.274322,+
521,202.484077,47.164405,6.260891,25.359547,0.093691,25.109056,0.063048,24.430706,0.047646,23.259438,0.140848,9.235800,+
522,202.512953,47.163475,14.504381,25.594309,0.111955,25.257404,0.075806,24.414735,0.057556,22.927292,0.168851,9.156446,+
523,202.489060,47.160092,13.522222,25.458343,0.091499,25.157894,0.068020,24.375804,0.086169,23.010723,0.180400,9.211160,+
524,202.471693,47.166563,11.718652,24.986725,0.070975,24.835014,0.057706,24.396081,0.057065,23.651280,0.128236,9.257238,+
525,202.510957,47.198137,12.966117,25.460722,0.101527,25.175068,0.077354,24.428833,0.054729,23.127620,0.155398,9.206008,+
526,202.533756,47.175285,10.458230,25.443873,0.080659,25.164986,0.065769,24.426395,0.056018,23.143355,0.135915,9.102261,+
527,202.537622,47.187948,6.466560,25.172047,0.064795,24.978542,0.044734,24.432262,0.048241,23.499393,0.112711,9.097338,+
528,202.495270,47.173110,12.373905,25.293642,0.069596,25.044915,0.051867,24.374636,0.050007,23.215769,0.119076,9.236478,+
529,202.529632,47.171273,6.265298,25.392385,0.074871,25.128169,0.060113,24.422977,0.067879,23.200553,0.144388,9.112533,+
530,202.513685,47.190367,8.371763,25.104292,0.047143,24.931659,0.035728,24.434548,0.050408,23.590002,0.100575,9.194321,+
531,202.507546,47.210382,6.175529,25.557054,0.081324,25.240143,0.058682,24.431552,0.046662,23.012293,0.127106,9.208466,+
532,202.467423,47.174545,10.984212,25.193477,0.054931,24.987898,0.043862,24.419616,0.058686,23.443776,0.117127,9.289281,+
533,202.518612,47.181605,13.035178,25.239607,0.074629,25.015277,0.051759,24.402025,0.050388,23.345833,0.124227,9.168033,+
534,202.531449,47.177853,10.767126,25.233471,0.055560,25.031245,0.038978,24.464107,0.041813,23.493939,0.097144,9.114120,+
535,202.498729,47.168358,9.370238,25.564137,0.072821,25.246156,0.055637,24.432355,0.058793,23.005178,0.131854,9.213318,+
536,202.512065,47.194124,14.644204,25.517307,0.070040,25.213345,0.049309,24.419119,0.053877,23.034304,0.123770,9.201883,+
537,202.527371,47.201841,9.681535,25.262937,0.055631,25.047938,0.042201,24.457118,0.057179,23.440981,0.115712,9.138733,+
538,202.495592,47.161919,12.771158,25.101668,0.067715,24.920767,0.047586,24.415400,0.048439,23.550016,0.115622,9.202752,+
539,202.533560,47.189393,15.933689,25.419206,0.099297,25.129763,0.052515,24.372514,0.052246,23.052635,0.150826,9.114211,+
540,202.518696,47.208758,14.381591,25.489596,0.089197,25.188448,0.062483,24.414024,0.068879,23.057727,0.157922,9.167869,+
541,202.512055,47.210090,11.486374,25.421578,0.061446,25.153974,0.042543,24.445517,0.057284,23.214703,0.120429,9.191847,+
542,202.487675,47.161517,9.390427,25.472293,0.076456,25.183508,0.055790,24.426636,0.049828,23.108062,0.125403,9.218878,+
543,202.525429,47.202777,6.826313,25.733191,0.106094,25.382713,0.076395,24.507330,0.066512,22.961519,0.171338,9.146037,+
544,202.483142,47.162775,14.162168,25.307044,0.091116,25.067915,0.066833,24.416597,0.057060,23.293743,0.147087,9.231321,+
545,202.504996,47.175971,11.780625,25.368655,0.076557,25.110282,0.047548,24.454035,0.055754,23.300700,0.131799,9.210646,+
546,202.502097,47.184492,12.844777,25.176232,0.090913,24.970690,0.058562,24.408982,0.061205,23.441481,0.151147,9.235130,+
547,202.517635,47.166556,16.695246,25.623026,0.089661,25.301148,0.065215,24.481730,0.062320,23.042556,0.151138,9.147566,+
548,202.477481,47.163951,9.747431,25.179559,0.076077,24.986788,0.055258,24.447805,0.044446,23.525065,0.119665,9.243063,+
549,202.522071,47.185544,11.675030,25.371581,0.080544,25.119372,0.056446,24.441040,0.065999,23.267628,0.146963,9.158012,+
550,202.522523,47.172508,10.068538,25.116577,0.068159,24.953225,0.050526,24.479885,0.041416,23.677016,0.108766,9.140916,+
551,202.495418,47.168523,9.581596,25.186130,0.099018,24.999466,0.082406,24.469489,0.064528,23.565804,0.162405,9.223334,+
552,202.477608,47.164835,11.765411,25.255770,0.084647,25.055290,0.066722,24.493092,0.053956,23.531355,0.137601,9.246383,+
553,202.522711,47.189167,5.725018,25.178073,0.072057,24.998732,0.052059,24.483898,0.063939,23.608543,0.137277,9.157624,+
554,202.479446,47.169603,7.773249,25.187782,0.069714,24.998925,0.056043,24.464502,0.043720,23.552447,0.112600,9.262416,+
555,202.510260,47.199733,14.315875,25.406957,0.118065,25.153318,0.078207,24.469434,0.044966,23.287216,0.165537,9.208230,+
556,202.528746,47.169635,10.176887,25.364732,0.065279,25.113074,0.046483,24.437049,0.046417,23.267240,0.111161,9.113294,+
557,202.518386,47.185351,7.930059,25.369158,0.076799,25.133642,0.058200,24.492125,0.047016,23.386186,0.122899,9.172448,+
558,202.503598,47.175231,6.929652,25.546590,0.104138,25.250254,0.080914,24.478788,0.056304,23.132291,0.159548,9.214077,+
559,202.493251,47.175170,10.259159,25.279616,0.080529,25.077776,0.052666,24.512103,0.056168,23.544269,0.135953,9.248061,+
560,202.526032,47.196380,11.409235,25.631130,0.090738,25.308450,0.058117,24.488594,0.070616,23.047857,0.161270,9.145593,+
561,202.481474,47.160175,16.725886,25.758313,0.053651,25.397496,0.036998,24.500866,0.057640,22.915225,0.114815,9.223888,+
562,202.521366,47.166929,11.292291,25.499610,0.071163,25.220959,0.053998,24.482733,0.064879,23.200451,0.137678,9.135255,+
563,202.518777,47.177826,19.848782,25.718164,0.084758,25.345292,0.068052,24.414797,0.059781,22.771250,0.143804,9.162806,+
564,202.485310,47.174460,10.657242,25.184638,0.083748,24.994957,0.062041,24.462529,0.059235,23.551950,0.142271,9.268098,+
565,202.533323,47.172981,11.367834,25.428622,0.079235,25.177578,0.069082,24.498524,0.064375,23.325669,0.143934,9.101008,+
566,202.495471,47.164872,5.859197,25.238980,0.068708,25.048949,0.050179,24.510997,0.047693,23.593011,0.115751,9.212288,+
567,202.501184,47.169598,8.939897,25.307870,0.089938,25.099874,0.073003,24.518437,0.065186,23.522961,0.154493,9.209105,+
568,202.520858,47.193722,10.656111,25.305012,0.056739,25.094032,0.039781,24.510312,0.038026,23.508196,0.094151,9.166405,+
569,202.534928,47.185765,10.299212,25.286017,0.058858,25.074164,0.043956,24.485669,0.048074,23.476429,0.107213,9.107012,+
570,202.516456,47.210698,19.837006,25.931000,0.088694,25.486915,0.063980,24.426826,0.058828,22.530062,0.146535,9.174258,+
571,202.463196,47.181344,7.873370,25.402018,0.085260,25.151977,0.081314,24.480648,0.095095,23.318802,0.187034,9.311525,+
572,202.502019,47.203776,64.318771,25.071659,0.056721,24.927550,0.046886,24.505676,0.058707,23.791972,0.118502,9.238010, 
573,202.503476,47.160917,5.473394,25.192777,0.060262,25.013308,0.042402,24.508422,0.059949,23.645451,0.122813,9.178698,+
574,202.515754,47.165129,12.608907,25.460185,0.106244,25.199939,0.074381,24.517054,0.060819,23.327767,0.165921,9.150952,+
575,202.532502,47.175810,11.471906,25.342462,0.076684,25.123260,0.051374,24.519636,0.047618,23.482054,0.123384,9.107717,+
576,202.501881,47.177596,13.959054,25.734206,0.084265,25.396066,0.061007,24.542238,0.069816,23.039167,0.154647,9.224805,+
577,202.497129,47.166193,12.310083,25.342633,0.090106,25.131349,0.064314,24.553199,0.059202,23.557724,0.148286,9.211779,+
578,202.499804,47.178400,9.812337,25.242483,0.119149,25.054940,0.096976,24.527150,0.078922,23.625115,0.196741,9.233701,+
579,202.529935,47.174497,13.038573,25.499988,0.088890,25.217461,0.057390,24.479191,0.043353,23.191966,0.132032,9.115914,+
580,202.528099,47.172777,10.129587,25.325633,0.067328,25.117577,0.049764,24.540569,0.045325,23.550603,0.111933,9.120497,+
581,202.496513,47.159961,6.575138,25.391172,0.058972,25.168115,0.048488,24.558464,0.058737,23.508419,0.120274,9.194234,+
582,202.522623,47.188678,9.419542,25.516121,0.073814,25.250510,0.048765,24.542494,0.042505,23.314751,0.115514,9.157742,+
583,202.508127,47.189124,9.781678,25.264366,0.044408,25.079266,0.038354,24.542376,0.045328,23.631948,0.091965,9.215863,+
584,202.483525,47.164493,14.999149,25.369919,0.080302,25.144590,0.059834,24.525207,0.070196,23.460025,0.151711,9.237056,+
585,202.523270,47.189217,9.631329,25.437490,0.090576,25.194364,0.071095,24.534105,0.058042,23.394936,0.147550,9.155407,+
586,202.527456,47.171997,9.166325,25.241962,0.124498,25.050211,0.106301,24.508590,0.088190,23.583808,0.211639,9.121762,+
587,202.494465,47.171264,11.470592,25.524406,0.071259,25.248495,0.053165,24.521150,0.056183,23.256044,0.127476,9.233862,+
588,202.530059,47.187740,8.694125,25.412946,0.082876,25.175041,0.065350,24.521638,0.036398,23.397698,0.119804,9.127529,+
589,202.500633,47.182209,10.170694,25.467422,0.106587,25.232056,0.072938,24.585436,0.070066,23.473250,0.175443,9.237425,+
590,202.520275,47.205984,9.226221,25.425074,0.092273,25.198623,0.067975,24.570811,0.078179,23.493585,0.171375,9.164324,+
591,202.532399,47.173169,7.979278,25.470856,0.075473,25.225435,0.050610,24.554200,0.059524,23.398298,0.135035,9.104771,+
592,202.530089,47.179547,10.300271,25.187784,0.055289,25.014104,0.039732,24.518502,0.039077,23.674537,0.093894,9.121197,+
593,202.493020,47.163487,10.179988,25.454856,0.086910,25.202656,0.060876,24.526818,0.049565,23.356563,0.135551,9.214056,+
594,202.532532,47.180342,9.265453,25.317063,0.070394,25.116650,0.050237,24.561323,0.056299,23.608335,0.126843,9.112410,+
595,202.532516,47.196036,12.003493,25.529130,0.084915,25.262590,0.053077,24.541026,0.059975,23.295027,0.144161,9.119481,+
596,202.529458,47.197455,12.102037,25.501653,0.057183,25.248919,0.041634,24.571526,0.059151,23.398637,0.119423,9.131667,+
597,202.462645,47.190774,33.895203,25.874251,0.088771,25.499456,0.076929,24.565515,0.088943,22.915199,0.181715,9.339959, 
598,202.496224,47.181571,17.521016,25.954437,0.126421,25.525758,0.079547,24.511781,0.074304,22.692590,0.199284,9.252464,+
599,202.532149,47.202549,11.541907,25.562477,0.083048,25.295351,0.065462,24.588085,0.050143,23.359377,0.132209,9.119275,+
600,202.522532,47.207171,7.255654,25.883375,0.076720,25.498710,0.054282,24.553467,0.048481,22.876453,0.124287,9.154415,+
601,202.534303,47.175353,7.970396,25.688412,0.099310,25.372790,0.076787,24.561119,0.061634,23.139603,0.159755,9.100236,+
602,202.478582,47.167689,8.389791,26.042220,0.076505,25.611101,0.046943,24.590104,0.031180,22.758984,0.108743,9.256310,+
603,202.531236,47.171213,9.329252,25.382950,0.074481,25.174515,0.055870,24.596767,0.055279,23.605390,0.129367,9.106430,+
604,202.525761,47.170016,5.386939,25.252776,0.050432,25.073364,0.031848,24.578595,0.056945,23.728452,0.111550,9.124921,+
605,202.461335,47.189189,56.713868,25.365754,0.220214,25.147920,0.177768,24.549490,0.105221,23.520181,0.325250,9.331977, 
606,202.527489,47.176380,14.516966,25.933728,0.070791,25.530902,0.049997,24.557565,0.056950,22.822224,0.127942,9.127676,+
607,202.487283,47.176622,9.244940,25.367496,0.077465,25.165323,0.061307,24.598917,0.057158,23.629737,0.134179,9.269595,+
608,202.508930,47.159275,9.297241,25.674629,0.081096,25.398737,0.060467,24.653236,0.074767,23.365258,0.157912,9.158260,+
609,202.478381,47.174347,7.693312,25.647414,0.087910,25.359663,0.056958,24.606873,0.065624,23.294751,0.153111,9.281765,+
610,202.508242,47.195688,13.757901,25.735512,0.104061,25.405819,0.065821,24.553814,0.060658,23.063694,0.163552,9.217347,+
611,202.477378,47.171056,8.302425,25.651580,0.053717,25.354945,0.035176,24.598588,0.057697,23.270766,0.114937,9.270719,+
612,202.510300,47.200023,6.549811,25.260595,0.104702,25.094029,0.072243,24.612936,0.060663,23.796238,0.164206,9.207939,+
613,202.532424,47.173844,6.768700,25.487148,0.076292,25.242518,0.061878,24.564674,0.053760,23.401435,0.129387,9.105566,+
614,202.494971,47.171021,9.199129,25.767609,0.093703,25.438185,0.067411,24.598792,0.047502,23.124915,0.140734,9.231711,+
615,202.499547,47.173731,8.272298,25.490810,0.095562,25.252612,0.074869,24.599655,0.058562,23.475909,0.152983,9.224471,+
616,202.502332,47.160144,10.937466,25.312876,0.084339,25.114958,0.061283,24.556740,0.063165,23.603253,0.147121,9.179645,+
617,202.499742,47.162398,9.811373,25.520469,0.154057,25.272710,0.127671,24.613570,0.091548,23.469970,0.243817,9.193407,+
618,202.520663,47.166402,10.332121,25.415278,0.082267,25.193225,0.057369,24.587700,0.049447,23.544123,0.130746,9.136702,+
619,202.523988,47.166674,9.357161,25.696668,0.058731,25.402920,0.037603,24.637179,0.040715,23.301163,0.098887,9.125454,+
620,202.533080,47.173306,6.723304,25.673849,0.105435,25.380650,0.075110,24.617522,0.068060,23.285493,0.172263,9.102360,+
621,202.503131,47.183931,7.274081,25.531671,0.079356,25.276693,0.055872,24.595615,0.063835,23.415247,0.143416,9.230458,+
622,202.459299,47.171235,16.920679,25.871839,0.113011,25.513528,0.081082,24.623259,0.045065,23.048800,0.159901,9.267900,+
623,202.515433,47.165993,13.261076,25.829878,0.097681,25.490758,0.078006,24.634609,0.061011,23.127374,0.157523,9.153929,+
624,202.475320,47.207622,35.579707,25.779002,0.137683,25.446551,0.095074,24.608781,0.063887,23.133133,0.201779,9.318274, 
625,202.531237,47.191291,12.841494,25.222519,0.060161,25.058162,0.040033,24.596734,0.039181,23.807619,0.098648,9.124144, 
626,202.526940,47.201618,7.693904,26.050811,0.069881,25.638373,0.046573,24.642617,0.040360,22.866884,0.109473,9.140562,+
627,202.507088,47.167182,14.242651,25.853799,0.084481,25.497662,0.063936,24.607978,0.055489,23.036997,0.139011,9.184342,+
628,202.491273,47.160227,11.888194,25.673366,0.084838,25.386075,0.064181,24.634914,0.051687,23.325425,0.135516,9.207116,+
629,202.535842,47.181843,8.570735,25.418125,0.086065,25.215174,0.057042,24.642927,0.058982,23.665402,0.144184,9.100672,+
630,202.530723,47.188492,9.268130,25.536977,0.068105,25.297608,0.057353,24.636760,0.065487,23.501586,0.135953,9.125225,+
631,202.526132,47.168267,7.696858,25.414607,0.056736,25.212634,0.048798,24.639440,0.061339,23.661954,0.121918,9.120603,+
632,202.504590,47.187635,9.684343,25.594137,0.076063,25.343636,0.059985,24.664562,0.046196,23.492368,0.121356,9.228771,+
633,202.529718,47.180368,5.485680,25.362198,0.065121,25.178002,0.046083,24.654273,0.048131,23.761579,0.112887,9.123461,+
634,202.495685,47.168917,9.972389,25.367151,0.074132,25.173285,0.057076,24.624910,0.072654,23.688943,0.149702,9.223718,+
635,202.480025,47.178746,11.329294,22.221214,0.087521,21.974989,0.079615,21.310234,0.077252,20.161489,0.166247,9.294456, 
636,202.509977,47.211555,45.804459,22.304722,0.077977,22.053225,0.064739,21.376131,0.048103,20.205177,0.125147,9.197610, 
637,202.473933,47.195416,85.056065,22.372374,0.127264,22.168813,0.121480,21.599938,0.106911,20.625897,0.235284,9.355651,+
